remove,primary,category,units,source key,Jan-90,Feb-90,Mar-90,Apr-90,May-90,Jun-90,Jul-90,Aug-90,Sep-90,Oct-90,Nov-90,Dec-90,Jan-91,Feb-91,Mar-91,Apr-91,May-91,Jun-91,Jul-91,Aug-91,Sep-91,Oct-91,Nov-91,Dec-91,Jan-92,Feb-92,Mar-92,Apr-92,May-92,Jun-92,Jul-92,Aug-92,Sep-92,Oct-92,Nov-92,Dec-92,Jan-93,Feb-93,Mar-93,Apr-93,May-93,Jun-93,Jul-93,Aug-93,Sep-93,Oct-93,Nov-93,Dec-93,Jan-94,Feb-94,Mar-94,Apr-94,May-94,Jun-94,Jul-94,Aug-94,Sep-94,Oct-94,Nov-94,Dec-94,Jan-95,Feb-95,Mar-95,Apr-95,May-95,Jun-95,Jul-95,Aug-95,Sep-95,Oct-95,Nov-95,Dec-95,Jan-96,Feb-96,Mar-96,Apr-96,May-96,Jun-96,Jul-96,Aug-96,Sep-96,Oct-96,Nov-96,Dec-96,Jan-97,Feb-97,Mar-97,Apr-97,May-97,Jun-97,Jul-97,Aug-97,Sep-97,Oct-97,Nov-97,Dec-97,Jan-98,Feb-98,Mar-98,Apr-98,May-98,Jun-98,Jul-98,Aug-98,Sep-98,Oct-98,Nov-98,Dec-98,Jan-99,Feb-99,Mar-99,Apr-99,May-99,Jun-99,Jul-99,Aug-99,Sep-99,Oct-99,Nov-99,Dec-99,Jan-00,Feb-00,Mar-00,Apr-00,May-00,Jun-00,Jul-00,Aug-00,Sep-00,Oct-00,Nov-00,Dec-00,Jan-01,Feb-01,Mar-01,Apr-01,May-01,Jun-01,Jul-01,Aug-01,Sep-01,Oct-01,Nov-01,Dec-01,Jan-02,Feb-02,Mar-02,Apr-02,May-02,Jun-02,Jul-02,Aug-02,Sep-02,Oct-02,Nov-02,Dec-02,Jan-03,Feb-03,Mar-03,Apr-03,May-03,Jun-03,Jul-03,Aug-03,Sep-03,Oct-03,Nov-03,Dec-03,Jan-04,Feb-04,Mar-04,Apr-04,May-04,Jun-04,Jul-04,Aug-04,Sep-04,Oct-04,Nov-04,Dec-04,Jan-05,Feb-05,Mar-05,Apr-05,May-05,Jun-05,Jul-05,Aug-05,Sep-05,Oct-05,Nov-05,Dec-05,Jan-06,Feb-06,Mar-06,Apr-06,May-06,Jun-06,Jul-06,Aug-06,Sep-06,Oct-06,Nov-06,Dec-06,Jan-07,Feb-07,Mar-07,Apr-07,May-07,Jun-07,Jul-07,Aug-07,Sep-07,Oct-07,Nov-07,Dec-07,Jan-08,Feb-08,Mar-08,Apr-08,May-08,Jun-08,Jul-08,Aug-08,Sep-08,Oct-08,Nov-08,Dec-08,Jan-09,Feb-09,Mar-09,Apr-09,May-09,Jun-09,Jul-09,Aug-09,Sep-09,Oct-09,Nov-09,Dec-09,Jan-10,Feb-10,Mar-10,Apr-10,May-10,Jun-10,Jul-10,Aug-10,Sep-10,Oct-10,Nov-10,Dec-10,Jan-11,Feb-11,Mar-11,Apr-11,May-11,Jun-11,Jul-11,Aug-11,Sep-11,Oct-11,Nov-11,Dec-11,Jan-12,Feb-12,Mar-12,Apr-12,May-12,Jun-12,Jul-12,Aug-12,Sep-12,Oct-12,Nov-12,Dec-12,Jan-13,Feb-13,Mar-13,Apr-13,May-13,Jun-13,Jul-13,Aug-13,Sep-13,Oct-13,Nov-13,Dec-13,Jan-14,Feb-14,Mar-14,Apr-14,May-14,Jun-14,Jul-14,Aug-14,Sep-14,Oct-14,Nov-14,Dec-14,Jan-15,Feb-15,Mar-15,Apr-15,May-15,Jun-15,Jul-15,Aug-15,Sep-15,Oct-15,Nov-15,Dec-15,Jan-16,Feb-16,Mar-16,Apr-16,May-16,Jun-16,Jul-16,Aug-16,Sep-16,Oct-16,Nov-16,Dec-16,Jan-17,Feb-17,Mar-17,Apr-17,May-17,Jun-17,Jul-17,Aug-17,Sep-17,Oct-17,Nov-17,Dec-17,Jan-18,Feb-18,Mar-18,Apr-18,May-18,Jun-18,Jul-18,Aug-18,Sep-18,Oct-18,Nov-18,Dec-18,Jan-19,Feb-19,Mar-19,Apr-19,May-19,Jun-19,Jul-19,Aug-19,Sep-19,Oct-19,Nov-19,Dec-19,Jan-20,Feb-20,Mar-20,Apr-20,May-20,Jun-20,Jul-20,Aug-20,Sep-20,Oct-20,Nov-20,Dec-20,Jan-21,Feb-21,Mar-21,Apr-21,May-21,Jun-21,Jul-21,Aug-21,Sep-21,Oct-21,Nov-21,Dec-21,Jan-22,Feb-22,Mar-22,Apr-22,May-22,Jun-22,Jul-22,Aug-22,Sep-22,Oct-22,Nov-22,Dec-22,Jan-23,Feb-23,Mar-23,Apr-23,May-23,Jun-23,Jul-23,Aug-23,Sep-23,Oct-23,Nov-23,Dec-23
Crude Oil Production,U.S. Crude Oil Production,Energy Production,million barrels per day,COPRPUS,7.55,7.5,7.43,7.41,7.33,7.11,7.17,7.29,7.22,7.54,7.39,7.34,7.5,7.64,7.55,7.51,7.41,7.32,7.35,7.32,7.37,7.44,7.33,7.3,7.36,7.39,7.35,7.29,7.17,7.17,7.13,6.92,7.03,7.13,7.02,7.1,6.96,6.94,6.97,6.88,6.85,6.79,6.69,6.76,6.71,6.84,6.91,6.86,6.82,6.77,6.75,6.61,6.69,6.61,6.5,6.54,6.61,6.66,6.63,6.76,6.68,6.79,6.6,6.6,6.63,6.58,6.45,6.45,6.42,6.42,6.59,6.53,6.5,6.58,6.57,6.44,6.39,6.46,6.34,6.36,6.48,6.48,6.48,6.51,6.4,6.51,6.45,6.44,6.47,6.44,6.41,6.35,6.49,6.47,6.46,6.53,6.54,6.48,6.41,6.48,6.35,6.27,6.19,6.2,5.79,6.14,6.14,6.04,5.96,5.97,5.88,5.89,5.87,5.76,5.8,5.78,5.8,5.95,5.96,5.96,5.78,5.85,5.92,5.85,5.85,5.82,5.74,5.79,5.76,5.81,5.83,5.86,5.8,5.78,5.88,5.86,5.83,5.77,5.75,5.73,5.71,5.75,5.88,5.89,5.87,5.88,5.89,5.84,5.91,5.88,5.75,5.8,5.41,5.36,5.62,5.72,5.76,5.78,5.8,5.73,5.66,5.66,5.5,5.57,5.61,5.61,5.55,5.57,5.58,5.57,5.62,5.56,5.56,5.41,5.48,5.32,5.08,5.17,5.42,5.51,5.45,5.5,5.6,5.56,5.6,5.44,5.25,5.2,4.21,4.55,4.86,4.99,5.05,5.03,5.03,5.08,5.15,5.16,5.09,5.04,5.03,5.11,5.06,5.19,5.11,5.12,5.12,5.18,5.21,5.08,5.04,4.97,4.9,5.02,5.03,5.11,5.12,5.15,5.19,5.18,5.14,5.14,5.18,5,3.97,4.74,5.08,5.1,5.14,5.24,5.22,5.28,5.38,5.27,5.4,5.42,5.56,5.52,5.39,5.45,5.4,5.55,5.52,5.39,5.4,5.38,5.3,5.45,5.62,5.63,5.58,5.61,5.5,5.41,5.62,5.56,5.62,5.59,5.44,5.67,5.61,5.9,6.04,6.11,6.18,6.27,6.33,6.32,6.37,6.28,6.43,6.35,6.6,6.97,7.08,7.11,7.08,7.16,7.22,7.38,7.33,7.28,7.52,7.54,7.84,7.76,7.92,7.93,8.08,8.16,8.3,8.53,8.65,8.74,8.84,8.93,9.09,9.26,9.33,9.56,9.38,9.5,9.58,9.66,9.47,9.36,9.45,9.41,9.48,9.4,9.33,9.28,9.2,9.06,9.09,8.87,8.83,8.67,8.66,8.69,8.54,8.8,8.9,8.81,8.87,9.11,9.17,9.1,9.18,9.11,9.25,9.25,9.52,9.66,10.08,9.98,10,10.28,10.46,10.49,10.42,10.63,10.89,11.37,11.42,11.49,11.87,11.92,11.85,11.65,11.9,12.12,12.14,12.18,11.9,12.47,12.57,12.77,12.97,12.91,12.78,12.83,12.82,11.91,9.71,10.42,10.96,10.56,10.87,10.41,11.12,11.08,11.06,9.77,11.16,11.23,11.33,11.29,11.33,11.21,10.85,11.53,11.77,11.57,11.58,11.53,11.66,11.84,11.87,11.95,12.04,12.19,12.24,12.3,12.52,12.63,12.67,12.77,12.81,12.92,12.89,12.93,12.97,13.1,13.1,13.1,13.29,13.34
Dry Natural Gas Production,U.S. Dry Natural Gas Production,Energy Production,billion cubic feet per day,NGPRPUS,52.17,51.45,49.3,48.29,47.26,47.49,46.73,46.91,46.43,48.87,50.4,50.4,51.93,50.59,49.5,48.74,46.88,46.17,45.13,45.31,46.6,48.68,50.92,51.53,51.15,48.22,47.59,48.25,47.89,48.15,48.09,46.82,47.91,49.44,50.45,50.92,50.67,50.42,50.01,49.01,48.22,48.15,47.59,48.17,48.8,49.83,51.65,52.48,52.08,51.67,52.25,51.31,51.4,50.68,50.81,51.03,50.06,50.32,53.46,53.68,51.57,50.92,51.05,50.98,50.71,50.44,50.43,50.08,50.24,49.53,52.66,52.87,51.25,51.77,51.29,52.24,51.47,51.75,51.28,51.44,51.32,50.87,52.02,51.51,52.39,52.56,52.71,51.91,52.15,51.04,51.31,51.21,51.71,51.72,51.77,51.02,53.51,52.74,53.17,53.06,53.24,52.74,51.98,52.34,49.1,51.27,51.33,50.93,52.43,52.33,52.32,51.65,50.92,51.37,51.15,51.04,51.05,51.2,52.01,51.73,52.35,51.54,52.76,51.55,51.83,52.28,52.26,52.66,52.65,53.61,52.7,52.65,53.93,53.9,54.35,54.14,54.24,53.58,53.44,53.44,53.68,54.06,53.13,53.03,52.22,51.77,52.24,52.17,52.54,52.31,52.79,51.72,50.54,50.06,51.85,52.04,52.15,52.49,53.64,53.08,52.45,52.48,51.42,52.47,52.23,52.27,51.63,51.6,51.45,50.96,51.78,51.73,50.83,51.41,51.27,50.82,49.23,49.79,50.28,49.99,50.23,51.03,51.91,51.33,50.82,51.24,50.07,49.82,44.54,45.4,48.14,48.99,49.54,49.4,50.17,49.91,50.19,51.29,50.75,50.93,51.4,51.52,51.33,51.82,50.85,51.56,52.41,51.72,53.01,52.99,52.41,52.71,53.25,53.34,54.45,54.63,54.38,54.86,55.57,55.39,55.38,56.05,57.07,56.26,49.62,54.03,55.95,56.27,57.48,58.01,57.62,56.63,56.65,56.91,56.17,56.62,55.07,55.78,55.81,55.39,56.04,57.24,57.28,57.56,57.95,57.22,58.25,58.92,59.08,60.09,60.08,60.96,60.02,58.83,61.54,62.28,62.41,62.07,62.48,63.21,63.11,65.12,65.94,65.62,66.01,64.72,64.97,64.78,65.05,64.64,66.31,65.98,66.36,66.5,66.6,66.01,65.26,65.45,65.27,66.12,65.89,65.79,67.09,66.95,66.77,66.98,67.66,66.53,66.78,68.36,68.86,70.54,70.16,70.52,72.02,72.41,72.39,73.11,72.64,73.2,73.44,73.81,74.14,75.21,74.12,73.95,74.19,74.27,74.74,74.19,73.88,73.89,73.56,74.6,73.76,73.71,72.87,72.17,72.76,72.18,71.7,71.42,72.02,71.21,70.56,71.55,73.17,73.26,73.26,73.97,74.73,74.69,75.99,77.34,79.75,80.38,78.74,80.39,81.33,81.19,82.12,82.54,84.18,85.88,87.29,88.4,89.94,89.5,89.25,89.86,90.27,90.71,91.4,91.65,92.16,94.4,94.76,95.59,97.16,97.05,95.3,95.19,95.37,92.86,87.33,88.58,90.15,89.86,89.95,89.27,92.02,92.16,92.8,86.24,92.29,93.23,93.01,93.22,93.69,94.27,93.62,95.58,96.98,97.16,95.96,95.33,95.74,95.86,96.08,96.32,96.49,96.96,97.48,97.75,98.11,98.14,97.9,98.16,98.28,98.49,98.76,99,99.28,99.6,99.93,100.02,100.21,100.07
Coal Production,U.S. Coal Production,Energy Production,million short tons,CLPRPUS_TON,91,82,92,83,87,85,80,92,83,93,87,76,86,83,85,80,80,77,80,89,82,91,82,80,88,82,86,82,80,80,81,85,84,86,80,83,81,77,86,79,74,81,71,76,80,81,80,80,77,82,96,88,82,87,78,94,89,86,87,88,89,84,94,81,84,85,80,89,89,91,87,81,84,85,91,89,90,85,89,95,88,95,87,87,93,88,93,88,95,87,89,90,93,95,84,95,98,87,96,92,91,92,91,92,96,97,90,95,92,93,99,90,86,91,89,93,93,91,92,93,88,87,100,82,89,91,85,97,89,93,91,84,97,87,100,91,96,93,90,100,90,101,95,88,102,90,90,90,91,85,86,92,92,95,88,91,93,82,89,89,91,89,89,90,90,94,84,92,94,87,95,92,87,95,92,95,94,93,92,96,94,90,102,93,90,95,92,98,96,94,95,93,99,89,101,95,100,97,95,101,94,99,97,96,100,89,98,93,97,96,93,101,92,99,97,93,99,94,97,97,97,90,99,100,99,104,95,100,97,90,96,89,85,89,91,90,88,88,86,86,86,83,97,91,85,89,91,93,93,92,92,93,91,86,97,89,87,89,85,95,94,95,94,94,95,86,86,78,82,82,86,91,82,85,84,80,83,78,85,79,83,81,85,90,83,81,81,78,83,75,87,83,84,79,84,87,84,85,82,86,87,72,81,75,70,67,76,83,78,76,69,63,61,57,55,48,53,60,62,68,65,69,67,63,68,64,64,59,62,66,63,71,63,66,64,63,62,60,66,58,61,62,63,69,62,67,63,63,66,58,56,61,62,57,59,64,59,58,54,53,56,47,46,39,37,40,43,48,45,45,44,45,49,41,51,45,49,49,48,50,50,49,49,49,50,47,51,48,49,49,50,55,51,53,52,51,53,48,52,48,49,49,51,56,53,53,51,50
Liquid Fuels,U.S. Liquid Fuels Consumption,Energy Consumption,million barrels per day,PATCPUSX,16.96,17.18,17.09,16.78,16.92,17.17,17.08,18.05,16.51,16.93,16.7,16.5,16.89,16.34,16.21,16.14,16.19,16.88,16.97,17.18,16.85,17,16.73,17.14,17.01,16.89,16.82,16.76,16.48,16.98,17.14,16.93,16.88,17.45,17.09,17.93,16.17,17.33,17.58,16.78,16.51,17.1,17.36,17.33,17.65,17.32,17.78,17.95,18.07,18.34,17.32,17.49,17.18,17.82,17.48,18.12,17.49,17.72,17.32,18.32,17.22,18.28,17.48,17.14,17.29,18.13,17.15,18.05,18.03,17.65,17.98,18.37,18.26,18.62,18.3,17.89,17.96,18.11,18.21,18.66,17.65,19.17,18.53,18.33,18.56,18.4,17.86,18.56,18.29,18.62,19.11,18.57,18.56,19.07,18.58,19.25,18.36,18.32,18.68,19.05,18.37,19.18,19.47,19.34,18.9,19.19,18.67,19.42,19.03,19.11,19.5,19.15,18.71,19.83,19.82,20.09,19.49,19.87,19.09,20.5,19.03,19.63,19.22,18.82,19.61,20.05,19.7,20.49,19.9,19.8,19.33,20.82,20.09,19.69,19.87,19.73,19.5,19.56,19.92,20.15,19.02,19.82,19.4,19,19.45,19.44,19.67,19.55,19.73,19.88,20.08,20.22,19.46,19.68,20,19.94,20.02,20.37,19.71,19.83,19.35,19.79,20.1,20.59,19.93,20.18,19.87,20.68,20.48,20.87,20.45,20.55,20.31,20.78,20.88,21.03,20.53,20.86,20.81,21.23,20.69,20.83,21.01,20.14,20.61,21.2,20.94,21.67,20.14,20.25,20.62,21.5,20.44,20.58,20.61,20.2,20.46,20.98,20.74,21.43,20.56,20.77,20.67,20.8,20.57,21.31,20.54,20.54,20.62,20.72,20.75,21.03,20.41,20.48,20.53,20.72,20.25,20.03,19.83,19.81,19.8,19.68,19.56,19.27,17.84,19.7,19.05,19.14,19.04,18.82,18.72,18.67,18.21,18.83,18.63,18.95,18.59,18.8,18.75,19.24,18.65,18.83,19.08,19.07,18.87,19.56,19.29,19.66,19.46,18.93,18.97,19.73,18.93,18.82,19.19,18.58,18.43,19.19,18.71,19.36,18.89,18.82,19.06,18.77,18.3,18.62,18.13,18.16,18.57,18.87,18.54,19.14,18.08,18.71,18.53,18.13,18.74,18.65,18.55,18.59,18.73,18.82,19.26,19.14,19.28,19.32,19.49,19.01,19.1,18.9,18.45,18.83,18.6,18.88,19.25,19.37,19.2,19.7,19.39,19.49,19.27,19.67,19.35,19.26,19.32,19.85,20.12,19.93,19.44,19.47,19.11,19.6,19.06,19.84,19.75,19.35,19.33,19.83,19.75,20.26,19.77,19.68,19.69,19.99,19.29,19.15,20.06,19.62,20.05,20.57,20.13,20.27,19.63,19.97,20.31,20.32,20.56,19.69,20.73,20.04,20.25,20.77,20.67,21.36,20.08,20.79,20.77,20.33,20.61,20.28,20.18,20.33,20.39,20.65,20.73,21.16,20.25,20.71,20.74,20.44,19.93,20.13,18.46,14.55,16.08,17.58,18.38,18.56,18.41,18.61,18.74,18.8,18.6,17.44,19.2,19.46,20.09,20.54,19.89,20.51,20.22,19.89,20.59,20.76,20.62,20.36,20.15,20.32,20.58,20.83,20.85,21,20.47,20.75,20.96,20.86,20.32,20.3,20.45,20.65,20.86,21.08,21.06,21.26,20.78,21.06,21.16,21.12
Natural Gas,U.S. Natural Gas Consumption,Energy Consumption,billion cubic feet per day,NGTCPUS,--,--,--,--,--,--,--,--,--,--,--,--,--,--,--,--,--,--,--,--,--,--,--,--,--,--,--,--,--,--,--,--,--,--,--,--,--,--,--,--,--,--,--,--,--,--,--,--,--,--,--,--,--,--,--,--,--,--,--,--,--,--,--,--,--,--,--,--,--,--,--,--,--,--,--,--,--,--,--,--,--,--,--,--,--,--,--,--,--,--,--,--,--,--,--,--,--,--,--,--,--,--,--,--,--,--,--,--,83.02,77.28,71.88,62.05,51.64,50.97,53.51,55.1,50.58,51.85,57.79,71.69,82.71,82.24,68.55,62.03,55.89,53.22,53.83,57.41,52.28,51.77,64.64,84.58,86.35,82.48,72.47,60.24,49.11,48.15,51.55,53.84,49.8,53.2,56.7,68.39,80.25,80.09,72.85,62.7,51.98,53.05,56.4,55.67,51.41,53.09,63.79,76.74,87.11,89.3,70.9,58.12,48.86,45.61,51.63,53.28,47.62,50.1,58.45,73.02,86.32,86.59,67.77,58.17,50.74,49.46,51.13,50.9,49.41,50.23,59.43,75.09,82.64,80.11,71.15,57.5,49.12,51.14,54.41,54.68,47.42,46.07,55.45,75.04,69.85,76.58,68.59,56.03,49.24,51.7,56.73,56.51,48.74,53.04,58.85,68.48,79.86,91.68,68.67,60.34,50.29,51.84,53.54,61.17,53.02,52.51,61.15,77.39,88.19,86.32,73.49,60.8,50.85,53.47,55.12,54.29,48.7,52.77,62.3,77.41,88.06,83.3,70.02,58.04,48.52,50.93,53.48,56.01,52.5,53.76,59.21,80.38,90.64,88.61,69.13,56.39,52.17,54.98,58.9,60.61,54.58,53.71,65.78,87.55,93.18,87.59,71.95,60.83,53.79,55.24,60.98,61.03,55.19,56.27,67.73,82,88.91,86.23,68.64,65.1,60.45,62.28,66.77,64.8,60.24,61.33,72.26,80.77,92.86,91.68,81.33,65.58,56.53,58.1,62.14,62.17,58.9,60.22,77.23,94.22,103.36,97.9,82.51,65.39,58.39,58.18,60.68,62.36,60.31,61.7,78.58,86.42,100.48,104.47,83.59,66.93,59.94,63.33,66.7,66.22,63.38,64.11,74.97,83.49,99.73,91.46,76.01,69.46,63.41,66.69,70.54,71.24,64.93,62.1,71.98,92.46,93.99,83.58,81.4,64.4,61.03,63.68,69.08,67.54,64.02,65.53,78.58,99.55,107.77,96.81,90.22,78.35,66.29,68.77,75.83,74.64,71.87,73.74,90.53,96.76,110.46,107.83,94.45,73.75,68.84,70.64,77.22,78.51,73.54,74.4,92.79,102.28,107,105.36,87.68,75.07,66.72,70.83,79.4,77.31,71.64,74.61,81.3,102.56,106.2,108.63,84.37,74.62,67.55,73.82,77.02,77.75,70.35,72.19,88.69,96.13,115.26,107.54,87.58,75.37,67.6,73.25,79.31,77.65,71.34,73.68,86.62,101.09,109.06,104.54,88.22,75.9,68.74,74.44,79.86,78.31,71.85,73.79,86.61,100.81
Coal,U.S. Coal Consumption,Energy Consumption,million short tons,CLTCPUS_TON,78,69,72,68,70,76,82,84,77,76,72,80,83,69,70,65,71,76,82,82,75,73,75,78,79,71,74,69,71,74,85,81,76,74,74,81,81,75,78,70,70,79,89,89,77,76,77,84,88,77,78,71,74,84,88,87,77,75,73,80,83,75,75,70,73,80,91,95,80,77,79,86,88,80,80,73,78,84,91,92,82,83,85,90,93,79,80,77,78,84,95,93,87,87,84,92,91,80,82,77,83,89,98,98,88,84,80,88,91,79,83,79,82,88,100,97,87,84,81,88,97,88,86,78,85,93,96,100,89,88,88,95,97,84,86,78,85,90,99,101,87,84,81,88,90,80,83,79,84,91,100,99,91,88,87,95,99,87,86,79,84,91,100,102,92,88,89,98,100,90,86,80,88,93,101,99,93,89,90,100,99,88,91,81,86,97,103,105,96,91,89,100,95,88,90,79,87,94,104,105,91,91,90,97,99,91,89,83,88,97,103,106,95,91,89,98,101,93,90,83,88,96,105,102,92,87,87,95,96,80,78,72,75,84,89,92,79,80,79,94,96,86,82,73,82,93,101,100,85,77,79,95,96,80,79,72,79,90,100,98,82,75,73,79,76,68,63,57,68,77,92,88,74,72,75,79,81,72,76,66,70,80,88,87,78,72,71,83,89,82,78,63,69,79,87,86,74,66,70,73,77,72,64,53,62,74,81,79,69,58,54,55,67,55,45,43,49,68,79,78,67,59,53,70,68,52,53,49,55,63,74,70,59,54,55,63,69,50,49,45,52,60,68,68,58,53,56,60,60,49,48,37,44,48,60,56,51,42,46,45,41,36,33,27,30,40,53,54,42,37,38,47,49,52,38,34,39,52,60,60,48,39,37,38,51,44,36,32,39,48,57,57,48,41,40,45,50,44,35,32,37,45,56,55,46,39,39,46
Electricity,U.S. Electricity Consumption,Energy Consumption,billion kilowatthours per day,ESTXPUS,8.11,7.97,7.25,7.18,7.04,7.89,8.46,8.5,8.52,7.51,7.32,7.53,8.14,8.16,7.23,7.19,7.33,8.26,8.62,8.7,8.51,7.5,7.57,7.7,8.09,8.17,7.45,7.41,7.21,7.94,8.54,8.54,8.37,7.62,7.66,7.98,8.23,8.56,7.89,7.55,7.24,8.27,9.1,9.26,8.82,7.75,7.83,8.18,8.83,8.95,7.87,7.72,7.51,8.82,9.39,9.22,8.89,7.94,7.95,8.24,8.63,8.94,8.02,7.8,7.79,8.89,9.54,10.13,9.29,8.19,8.26,8.57,9.2,9.24,8.43,8.05,8.12,9.3,9.67,9.81,9.36,8.34,8.45,8.72,9.31,9.38,8.26,8.24,8.05,9.14,10.01,9.95,9.73,8.92,8.64,8.94,9.19,9.32,8.6,8.4,8.62,9.9,10.59,10.77,10.37,9.02,8.74,9.07,9.63,9.43,8.84,8.69,8.68,9.96,10.98,10.94,10.3,9,8.87,9.17,9.72,9.84,8.91,8.76,9.15,10.46,10.73,11.19,10.59,9.26,9.27,9.9,10.49,10.17,9.12,8.9,8.94,10.1,10.65,11.2,10.32,9.08,8.87,9.11,9.85,9.88,9.07,9.04,9.13,10.35,11.37,11.38,10.81,9.6,9.21,9.69,10.3,10.55,9.3,9,9.12,10.15,11.26,11.51,10.68,9.4,9.21,9.94,10.41,10.34,9.42,9.21,9.45,10.73,11.25,11.14,10.75,9.52,9.45,10.15,10.39,10.4,9.66,9.2,9.22,11.08,11.93,12.16,11.44,9.95,9.53,10.31,10.24,10.44,9.74,9.32,9.66,11.13,12.12,12.32,10.98,9.8,9.63,10.08,10.53,11.1,9.73,9.51,9.78,11.11,11.73,12.42,11.6,10.27,9.88,10.27,10.91,10.89,9.86,9.62,9.65,11.33,12.03,11.74,11.07,9.76,9.61,10.29,10.71,10.57,9.49,9.17,9.19,10.53,11.27,11.51,10.72,9.61,9.29,10.37,11.06,11.02,9.79,9.24,9.49,11.4,12.28,12.39,11.3,9.63,9.51,10.67,11.14,10.96,9.76,9.52,9.63,11.33,12.35,12.42,11.25,9.63,9.54,10.12,10.41,10.28,9.51,9.38,9.94,11.22,12.37,12.17,10.98,9.74,9.65,9.97,10.74,10.81,9.98,9.63,9.71,11.07,11.99,11.81,11.17,9.87,9.77,10.62,11.4,11.42,10.12,9.56,9.76,11.14,11.74,11.75,11.28,9.93,9.89,10.38,11.03,11.34,10.21,9.54,9.65,11.28,12.13,12.09,11.5,9.92,9.59,9.99,10.74,10.62,9.59,9.35,9.55,11.39,12.41,12.71,11.61,9.94,9.62,10.4,10.65,10.24,9.78,9.47,9.78,11.35,12.27,12.03,11.1,10.03,9.83,10.47,11.51,10.85,9.95,9.65,10.16,11.67,12.52,12.72,11.64,10.35,10.08,10.47,11,10.96,10.12,9.49,9.94,11.11,12.54,12.43,11.75,10.32,9.92,10.4,10.59,10.57,9.73,9.1,9.21,11.05,12.63,12.29,11.12,9.93,9.61,10.56,10.75,11.02,9.81,9.4,9.67,11.63,12.41,12.66,11.57,10.08,9.93,10.28,11.3,11.14,9.93,9.61,9.89,11.65,12.66,12.65,11.65,10.21,10.03,10.51,11.27,11.31,10.06,9.75,10,11.75,12.79,12.77,11.75,10.32,10.13,10.63
Renewables,U.S. Renewables Consumption,Energy Consumption,quadrillion btu,RETCBUS,--,--,--,--,--,--,--,--,--,--,--,--,--,--,--,--,--,--,--,--,--,--,--,--,--,--,--,--,--,--,--,--,--,--,--,--,--,--,--,--,--,--,--,--,--,--,--,--,--,--,--,--,--,--,--,--,--,--,--,--,--,--,--,--,--,--,--,--,--,--,--,--,--,--,--,--,--,--,--,--,--,--,--,--,--,--,--,--,--,--,--,--,--,--,--,--,--,--,--,--,--,--,--,--,--,--,--,--,--,--,--,--,--,--,--,--,--,--,--,--,--,--,--,--,--,--,--,--,--,--,--,--,--,--,--,--,--,--,--,--,--,--,--,--,--,--,--,--,--,--,--,--,--,--,--,--,--,--,--,--,--,--,--,--,--,--,--,--,--,--,--,--,--,--,--,--,--,--,--,--,--,--,--,--,--,--,--,--,--,--,--,--,--,--,--,--,--,--,--,--,--,--,--,--,--,--,--,--,--,--,--,--,--,--,--,--,--,--,--,--,--,--,--,--,--,--,--,--,--,--,--,--,--,--,--,--,--,--,--,--,0.67,0.62,0.69,0.67,0.73,0.77,0.72,0.68,0.64,0.66,0.69,0.73,0.74,0.71,0.82,0.81,0.84,0.84,0.79,0.75,0.68,0.71,0.74,0.77,0.75,0.68,0.79,0.77,0.81,0.78,0.75,0.72,0.65,0.69,0.69,0.77,0.8,0.71,0.78,0.83,0.87,0.84,0.83,0.76,0.72,0.76,0.77,0.81,0.82,0.71,0.86,0.87,0.87,0.87,0.83,0.77,0.72,0.77,0.81,0.83,0.82,0.77,0.83,0.83,0.83,0.8,0.82,0.8,0.75,0.78,0.83,0.88,0.86,0.86,0.93,0.89,0.9,0.86,0.87,0.82,0.79,0.83,0.84,0.94,0.91,0.86,1.02,1,1.04,0.99,0.92,0.87,0.84,0.89,0.88,0.91,0.95,0.89,1,1,1.05,1.02,0.93,0.94,0.85,0.89,0.89,0.93,0.93,0.87,0.99,1.02,1.06,0.99,0.98,0.94,0.9,0.93,0.9,0.93,0.96,0.97,0.97,0.92,1.03,1.04,0.99,0.95,0.88,0.92,0.96,0.97,0.98,0.87,1.09,1.03,1.09,1.02,0.98,1,0.96,1,1.02,1.1,1.09,1.01,1.21,1.18,1.22,1.13,1.08,1.08,1.04,1.06,1.08,1.14,1.12,1.07,1.27,1.23,1.29,1.2,1.14,1.15,1.1,1.12,1.13,1.2
Total Energy Consumption,U.S. Total Energy Consumption,Energy Consumption,quadrillion btu,TETCFUEL,--,--,--,--,--,--,--,--,--,--,--,--,--,--,--,--,--,--,--,--,--,--,--,--,--,--,--,--,--,--,--,--,--,--,--,--,--,--,--,--,--,--,--,--,--,--,--,--,--,--,--,--,--,--,--,--,--,--,--,--,--,--,--,--,--,--,--,--,--,--,--,--,--,--,--,--,--,--,--,--,--,--,--,--,--,--,--,--,--,--,--,--,--,--,--,--,--,--,--,--,--,--,--,--,--,--,--,--,--,--,--,--,--,--,--,--,--,--,--,--,--,--,--,--,--,--,--,--,--,--,--,--,9.24,8.08,8.48,7.65,7.64,7.66,8.15,8.31,7.41,7.73,7.55,8.27,8.8,7.87,8.37,7.77,7.81,7.9,8.43,8.35,7.67,7.81,8.02,8.84,9.25,8.44,8.39,7.68,7.67,7.65,8.28,8.4,7.61,7.79,7.85,8.94,9.37,8.75,8.44,7.81,7.98,7.99,8.42,8.37,7.84,7.96,8.06,9.17,9.3,8.3,8.74,7.73,7.95,8.19,8.6,8.7,7.8,7.8,7.95,9.21,8.84,8.21,8.61,7.73,7.98,8.16,8.65,8.75,7.8,8.04,8.05,8.81,9.25,8.78,8.59,7.95,8.05,8.12,8.52,8.85,7.97,8,8.11,9.12,9.42,8.66,8.59,7.84,7.9,8.04,8.42,8.22,7.35,7.79,7.81,8.8,9.13,7.87,8.05,7.34,7.29,7.54,7.81,7.96,7.27,7.47,7.45,8.84,9.13,8.21,8.2,7.37,7.67,8,8.38,8.44,7.69,7.5,7.79,9.23,9.29,8.1,8.34,7.49,7.57,7.89,8.38,8.4,7.55,7.57,7.78,8.57,8.68,7.96,7.67,7.21,7.61,7.73,8.29,8.23,7.37,7.57,7.77,8.39,8.97,8.01,8.37,7.51,7.6,7.71,8.26,8.16,7.63,7.71,8.12,9.06,9.59,8.42,8.52,7.55,7.64,7.77,8.22,8.2,7.64,7.75,8.19,8.79,9.29,8.61,8.43,7.46,7.64,7.89,8.42,8.31,7.68,7.61,7.67,8.37,9.05,8.22,7.98,7.44,7.57,7.93,8.46,8.53,7.74,7.65,7.71,9.07,8.97,7.62,8.43,7.45,7.79,7.96,8.42,8.29,7.62,7.81,8.1,9.19,9.66,8.06,8.7,7.88,7.98,8.14,8.61,8.69,7.86,8.08,8.51,9.03,9.54,8.39,8.7,7.67,7.95,7.91,8.56,8.56,7.86,7.94,8.39,8.94,8.97,8.36,7.88,6.51,6.83,7.27,8.06,8.01,7.3,7.47,7.58,8.71,8.86,8.07,8.1,7.44,7.7,8.01,8.34,8.48,7.7,7.69,8.14,8.62,9.56,8.32,8.39,7.69,7.92,8.07,8.59,8.57,7.84,7.94,8.21,9.08,9.34,8.32,8.48,7.79,8.01,8.15,8.68,8.66,7.93,8.05,8.29,9.17
Crude Oil West Texas Intermediate Spot,West Texas Intermediate Crude Oil Spot Price,Energy Prices,dollars per barrel,WTIPUUS,22.86,22.11,20.39,18.43,18.2,16.7,18.45,27.31,33.51,36.04,32.33,27.28,25.23,20.48,19.9,20.83,21.23,20.19,21.4,21.69,21.89,23.23,22.46,19.5,18.79,19.01,18.92,20.23,20.98,22.39,21.77,21.34,21.88,21.69,20.34,19.41,19.03,20.09,20.32,20.25,19.95,19.09,17.89,18.01,17.5,18.15,16.61,14.52,15.03,14.78,14.68,16.42,17.89,19.06,19.66,18.38,17.45,17.72,18.07,17.16,18.04,18.57,18.54,19.9,19.74,18.45,17.33,18.02,18.23,17.43,17.99,19.03,18.86,19.09,21.33,23.5,21.16,20.42,21.3,21.9,23.97,24.88,23.7,25.23,25.13,22.18,20.96,19.7,20.82,19.26,19.66,19.95,19.8,21.32,20.19,18.33,16.72,16.06,15.12,15.35,14.91,13.72,14.17,13.47,15.03,14.46,13,11.35,12.52,12.01,14.68,17.31,17.72,17.92,20.1,21.28,23.8,22.69,25,26.1,27.26,29.37,29.84,25.72,28.79,31.82,29.7,31.26,33.88,33.11,34.42,28.44,29.59,29.61,27.25,27.49,28.63,27.6,26.43,27.37,26.2,22.17,19.64,19.39,19.71,20.72,24.53,26.18,27.04,25.52,26.97,28.39,29.66,28.84,26.35,29.46,32.95,35.83,33.51,28.17,28.11,30.66,30.75,31.57,28.31,30.34,31.11,32.13,34.31,34.69,36.74,36.75,40.27,38.02,40.78,44.9,45.94,53.28,48.47,43.15,46.84,48.15,54.19,52.98,49.83,56.35,59,64.98,65.59,62.26,58.32,59.41,65.48,61.63,62.69,69.44,70.84,70.95,74.41,73.04,63.8,58.89,59.08,61.96,54.51,59.28,60.44,63.98,63.45,67.49,74.12,72.36,79.92,85.8,94.77,91.69,92.97,95.39,105.45,112.58,125.4,133.88,133.37,116.67,104.11,76.61,57.31,41.12,41.71,39.09,47.94,49.65,59.03,69.64,64.15,71.05,69.41,75.72,77.99,74.47,78.33,76.39,81.2,84.29,73.74,75.34,76.32,76.6,75.24,81.89,84.25,89.15,89.17,88.58,102.86,109.53,100.9,96.26,97.3,86.33,85.52,86.32,97.16,98.56,100.27,102.2,106.16,103.32,94.66,82.3,87.89,94.13,94.51,89.49,86.53,87.86,94.76,95.31,92.94,92.02,94.51,95.77,104.67,106.57,106.29,100.54,93.86,97.63,94.62,100.82,100.8,102.07,102.18,105.79,103.59,96.53,93.21,84.4,75.79,59.29,47.22,50.58,47.82,54.45,59.27,59.82,50.9,42.87,45.48,46.22,42.44,37.19,31.68,30.32,37.55,40.75,46.71,48.76,44.65,44.72,45.18,49.77,45.66,51.97,52.5,53.47,49.33,51.06,48.48,45.18,46.63,48.04,49.82,51.58,56.64,57.88,63.7,62.23,62.73,66.25,69.98,67.87,70.98,68.06,70.23,70.75,56.96,49.52,51.38,54.95,58.15,63.86,60.83,54.66,57.35,54.8,56.95,53.96,57.03,59.88,57.52,50.54,29.21,16.55,28.56,38.31,40.71,42.34,39.63,39.4,40.94,47.02,52,59.04,62.33,61.72,65.17,71.38,72.49,67.73,71.65,81.48,79.15,71.71,83.22,91.64,113,113,112,111,107,103,99,96,93,90,91,91,90,88,86,85,84,83,82,81,80,79
Natural Gas Henry Hub Spot,Natural Gas Henry Hub Spot Price,Energy Prices,dollars per million btu,NGHHUUS,--,--,--,--,--,--,--,--,--,--,--,--,--,--,--,--,--,--,--,--,--,--,--,--,--,--,--,--,--,--,--,--,--,--,--,--,--,--,--,--,--,--,--,--,--,--,--,--,--,--,--,--,--,--,--,--,--,--,--,--,--,--,--,--,--,--,--,--,--,--,--,--,--,--,--,--,--,--,--,--,--,--,--,--,3.45,2.15,1.89,2.03,2.25,2.2,2.19,2.49,2.88,3.07,3.01,2.35,2.09,2.23,2.24,2.43,2.14,2.17,2.17,1.85,2.02,1.91,2.12,1.72,1.85,1.77,1.79,2.15,2.26,2.3,2.31,2.79,2.55,2.73,2.37,2.35,2.42,2.66,2.79,3.04,3.59,4.29,3.99,4.43,5.06,5.02,5.52,8.9,8.17,5.61,5.23,5.19,4.19,3.72,3.11,2.97,2.19,2.46,2.34,2.3,2.32,2.32,3.03,3.43,3.5,3.26,2.99,3.09,3.55,4.13,4.04,4.74,5.43,7.71,5.93,5.26,5.81,5.82,5.03,4.99,4.62,4.63,4.47,6.13,6.14,5.37,5.39,5.71,6.33,6.27,5.93,5.41,5.14,6.35,6.17,6.58,6.15,6.14,6.96,7.16,6.47,7.18,7.63,9.53,11.74,13.42,10.3,13.05,8.69,7.54,6.89,7.16,6.25,6.21,6.17,7.13,4.9,5.85,7.41,6.73,6.55,8,7.11,7.6,7.64,7.35,6.22,6.22,6.08,6.74,7.1,7.11,7.99,8.54,9.41,10.18,11.27,12.69,11.09,8.26,7.67,6.74,6.68,5.82,5.24,4.51,3.96,3.5,3.83,3.8,3.38,3.14,2.99,4.01,3.66,5.35,5.83,5.32,4.29,4.03,4.14,4.8,4.63,4.32,3.89,3.43,3.71,4.25,4.49,4.09,3.97,4.24,4.31,4.54,4.42,4.05,3.9,3.57,3.24,3.17,2.67,2.5,2.17,1.95,2.43,2.46,2.95,2.84,2.85,3.32,3.54,3.34,3.33,3.33,3.81,4.17,4.04,3.83,3.62,3.42,3.62,3.68,3.64,4.24,4.71,6,4.9,4.66,4.58,4.59,4.05,3.91,3.92,3.78,4.12,3.48,2.99,2.87,2.83,2.61,2.85,2.78,2.84,2.77,2.66,2.34,2.09,1.93,2.28,1.99,1.73,1.92,1.92,2.59,2.82,2.82,2.99,2.98,2.55,3.59,3.3,2.85,2.88,3.1,3.15,2.98,2.98,2.9,2.98,2.88,3.01,2.82,3.69,2.67,2.69,2.8,2.8,2.97,2.83,2.96,3,3.28,4.09,4.04,3.11,2.69,2.95,2.65,2.64,2.4,2.37,2.22,2.56,2.33,2.65,2.22,2.02,1.91,1.79,1.74,1.75,1.63,1.77,2.3,1.92,2.39,2.61,2.59,2.71,5.35,2.62,2.66,2.91,3.26,3.84,4.07,5.16,5.51,5.05,3.76,4.38,4.69,4.1,3.88,3.8,3.83,3.87,3.88,3.74,3.7,3.74,3.76,3.88,3.81,3.55,3.46,3.42,3.46,3.5,3.54,3.52,3.6,3.65,3.74
Coal,Electric Power Sector Coal Cost,Energy Prices,dollars per million btu,CLEUDUS,1.45,1.47,1.46,1.47,1.48,1.47,1.45,1.45,1.45,1.46,1.45,1.42,1.45,1.47,1.46,1.47,1.48,1.47,1.43,1.43,1.43,1.44,1.43,1.4,1.4,1.42,1.43,1.43,1.43,1.42,1.39,1.4,1.42,1.41,1.42,1.39,1.39,1.39,1.38,1.39,1.4,1.39,1.38,1.37,1.39,1.41,1.38,1.36,1.36,1.37,1.36,1.38,1.38,1.37,1.35,1.35,1.36,1.35,1.33,1.3,1.33,1.33,1.34,1.34,1.34,1.33,1.3,1.31,1.32,1.3,1.3,1.28,1.29,1.29,1.3,1.31,1.31,1.29,1.28,1.28,1.27,1.29,1.28,1.28,1.28,1.29,1.3,1.3,1.28,1.28,1.26,1.25,1.26,1.26,1.26,1.25,1.26,1.26,1.27,1.27,1.26,1.26,1.25,1.26,1.25,1.24,1.24,1.21,1.22,1.25,1.24,1.24,1.22,1.22,1.21,1.21,1.2,1.21,1.19,1.18,1.2,1.21,1.21,1.22,1.2,1.21,1.19,1.19,1.18,1.22,1.19,1.19,1.22,1.24,1.23,1.24,1.24,1.25,1.23,1.23,1.23,1.21,1.24,1.22,1.26,1.28,1.25,1.25,1.26,1.26,1.25,1.26,1.26,1.25,1.25,1.22,1.26,1.29,1.31,1.29,1.29,1.28,1.28,1.28,1.28,1.28,1.27,1.27,1.29,1.32,1.33,1.34,1.35,1.35,1.37,1.4,1.37,1.41,1.41,1.41,1.46,1.48,1.52,1.54,1.55,1.54,1.52,1.56,1.6,1.58,1.57,1.59,1.67,1.68,1.71,1.71,1.7,1.69,1.68,1.7,1.71,1.7,1.69,1.69,1.74,1.75,1.76,1.77,1.77,1.77,1.76,1.77,1.77,1.77,1.78,1.82,1.88,1.89,1.93,1.97,2.04,2.08,2.1,2.18,2.19,2.21,2.17,2.16,2.23,2.27,2.29,2.22,2.23,2.22,2.19,2.21,2.18,2.17,2.13,2.14,2.23,2.27,2.31,2.29,2.26,2.25,2.27,2.3,2.28,2.27,2.26,2.23,2.32,2.35,2.34,2.38,2.43,2.4,2.44,2.47,2.44,2.39,2.37,2.34,2.37,2.38,2.39,2.42,2.42,2.36,2.4,2.4,2.38,2.36,2.36,2.36,2.34,2.34,2.35,2.37,2.37,2.36,2.31,2.33,2.35,2.34,2.33,2.34,2.29,2.32,2.36,2.39,2.4,2.38,2.38,2.37,2.37,2.31,2.3,2.51,2.29,2.26,2.26,2.23,2.26,2.25,2.21,2.23,2.22,2.15,2.15,2.16,2.12,2.11,2.17,2.16,2.16,2.1,2.11,2.11,2.12,2.07,2.08,2.08,2.09,2.06,2.07,2.08,2.09,2.07,2.06,2.05,2.02,2.03,2.04,2.04,2.06,2.07,2.04,2.07,2.04,2.04,2.05,2.06,2.05,2.04,2.06,2.11,2.1,2.07,2.08,2.07,2.05,2.03,2.02,2,1.96,1.96,1.96,1.91,1.94,1.9,1.93,1.92,1.89,1.9,1.91,1.94,1.94,1.91,1.91,1.92,1.91,1.93,1.9,1.9,1.9,1.96,2.01,2.06,2.01,2.03,2.04,2.08,1.9,1.72,1.74,1.78,1.74,1.71,1.57,1.57,1.6,1.56,1.59,1.59,1.59,1.58,1.6,1.62,1.62,1.59,1.6,1.61,1.6,1.58,1.59,1.59
Real Gross Domestic Product,Real Gross Domestic Product,Macroeconomic,billion chained 2012 dollars - saar,GDPQXUS,9364,9364,9364,9398,9398,9398,9404,9404,9404,9319,9319,9319,9275,9275,9275,9348,9348,9348,9395,9395,9395,9428,9428,9428,9540,9540,9540,9644,9644,9644,9739,9739,9739,9841,9841,9841,9857,9857,9857,9915,9915,9915,9962,9962,9962,10097,10097,10097,10195,10195,10195,10333,10333,10333,10394,10394,10394,10513,10513,10513,10550,10550,10550,10582,10582,10582,10672,10672,10672,10744,10744,10744,10825,10825,10825,11005,11005,11005,11104,11104,11104,11219,11219,11219,11292,11292,11292,11479,11479,11479,11623,11623,11623,11723,11723,11723,11840,11840,11840,11949,11949,11949,12099,12099,12099,12295,12295,12295,12411,12411,12411,12514,12514,12514,12680,12680,12680,12888,12888,12888,12935,12935,12935,13171,13171,13171,13184,13184,13184,13262,13262,13262,13219,13219,13219,13301,13301,13301,13248,13248,13248,13285,13285,13285,13395,13395,13395,13477,13477,13477,13532,13532,13532,13549,13549,13549,13619,13619,13619,13741,13741,13741,13970,13970,13970,14131,14131,14131,14212,14212,14212,14323,14323,14323,14458,14458,14458,14606,14606,14606,14768,14768,14768,14840,14840,14840,14956,14956,14956,15041,15041,15041,15244,15244,15244,15282,15282,15282,15305,15305,15305,15434,15434,15434,15479,15479,15479,15578,15578,15578,15672,15672,15672,15767,15767,15767,15703,15703,15703,15793,15793,15793,15710,15710,15710,15367,15367,15367,15187,15187,15187,15162,15162,15162,15217,15217,15217,15379,15379,15379,15456,15456,15456,15606,15606,15606,15726,15726,15726,15808,15808,15808,15770,15770,15770,15877,15877,15877,15871,15871,15871,16049,16049,16049,16180,16180,16180,16254,16254,16254,16282,16282,16282,16300,16300,16300,16441,16441,16441,16464,16464,16464,16595,16595,16595,16713,16713,16713,16654,16654,16654,16868,16868,16868,17065,17065,17065,17141,17141,17141,17281,17281,17281,17381,17381,17381,17437,17437,17437,17463,17463,17463,17565,17565,17565,17619,17619,17619,17724,17724,17724,17813,17813,17813,17897,17897,17897,17997,17997,17997,18126,18126,18126,18297,18297,18297,18436,18436,18436,18590,18590,18590,18680,18680,18680,18721,18721,18721,18833,18833,18833,18983,18983,18983,19113,19113,19113,19202,19202,19202,18952,18952,18952,17258,17258,17258,18561,18561,18561,18768,18768,18768,19056,19056,19056,19368,19368,19368,19479,19479,19479,19806,19806,19806,19841,19880,19932,20023,20081,20134,20172,20218,20263,20309,20353,20395,20432,20475,20518,20564,20609,20655,20701,20749,20798,20851,20901,20951
Percent change from prior year,Real Gross Domestic Product,Macroeconomic,percent change from prior year,GDPQXUS_PCT,2.8,2.8,2.8,2.4,2.4,2.4,1.7,1.7,1.7,0.6,0.6,0.6,-1,-1,-1,-0.5,-0.5,-0.5,-0.1,-0.1,-0.1,1.2,1.2,1.2,2.9,2.9,2.9,3.2,3.2,3.2,3.7,3.7,3.7,4.4,4.4,4.4,3.3,3.3,3.3,2.8,2.8,2.8,2.3,2.3,2.3,2.6,2.6,2.6,3.4,3.4,3.4,4.2,4.2,4.2,4.3,4.3,4.3,4.1,4.1,4.1,3.5,3.5,3.5,2.4,2.4,2.4,2.7,2.7,2.7,2.2,2.2,2.2,2.6,2.6,2.6,4,4,4,4,4,4,4.4,4.4,4.4,4.3,4.3,4.3,4.3,4.3,4.3,4.7,4.7,4.7,4.5,4.5,4.5,4.9,4.9,4.9,4.1,4.1,4.1,4.1,4.1,4.1,4.9,4.9,4.9,4.8,4.8,4.8,4.7,4.7,4.7,4.8,4.8,4.8,4.8,4.8,4.8,4.2,4.2,4.2,5.2,5.2,5.2,4,4,4,2.9,2.9,2.9,2.2,2.2,2.2,1,1,1,0.5,0.5,0.5,0.2,0.2,0.2,1.3,1.3,1.3,1.3,1.3,1.3,2.1,2.1,2.1,2,2,2,1.7,1.7,1.7,2,2,2,3.2,3.2,3.2,4.3,4.3,4.3,4.4,4.4,4.4,4.2,4.2,4.2,3.5,3.5,3.5,3.4,3.4,3.4,3.9,3.9,3.9,3.6,3.6,3.6,3.4,3.4,3.4,3,3,3,3.2,3.2,3.2,3,3,3,2.3,2.3,2.3,2.6,2.6,2.6,1.5,1.5,1.5,1.9,1.9,1.9,2.4,2.4,2.4,2.2,2.2,2.2,1.4,1.4,1.4,1.4,1.4,1.4,0.2,0.2,0.2,-2.5,-2.5,-2.5,-3.3,-3.3,-3.3,-4,-4,-4,-3.1,-3.1,-3.1,0.1,0.1,0.1,1.8,1.8,1.8,2.9,2.9,2.9,3.3,3.3,3.3,2.8,2.8,2.8,2,2,2,1.7,1.7,1.7,0.9,0.9,0.9,1.5,1.5,1.5,2.6,2.6,2.6,2.4,2.4,2.4,2.6,2.6,2.6,1.6,1.6,1.6,1.6,1.6,1.6,1.3,1.3,1.3,1.9,1.9,1.9,2.5,2.5,2.5,1.3,1.3,1.3,2.5,2.5,2.5,2.8,2.8,2.8,2.6,2.6,2.6,3.8,3.8,3.8,3,3,3,2.2,2.2,2.2,1.9,1.9,1.9,1.6,1.6,1.6,1.4,1.4,1.4,1.6,1.6,1.6,2,2,2,1.9,1.9,1.9,2.1,2.1,2.1,2.3,2.3,2.3,2.7,2.7,2.7,3,3,3,3.3,3.3,3.3,3.1,3.1,3.1,2.3,2.3,2.3,2.2,2.2,2.2,2.1,2.1,2.1,2.3,2.3,2.3,2.6,2.6,2.6,0.6,0.6,0.6,-9.1,-9.1,-9.1,-2.9,-2.9,-2.9,-2.3,-2.3,-2.3,0.5,0.5,0.5,12.2,12.2,12.2,4.9,4.9,4.9,5.5,5.5,5.5,4.1,4.3,4.6,3.4,3.7,4,3.6,3.8,4,2.5,2.8,3,3,3,2.9,2.7,2.6,2.6,2.6,2.6,2.6,2.7,2.7,2.7
GDP Implicit Price Deflator,GDP Implicit Price Deflator,Macroeconomic,"index, 2012=100",GDPDIUS,62.7,62.7,62.7,63.4,63.4,63.4,64,64,64,64.5,64.5,64.5,65.1,65.1,65.1,65.5,65.5,65.5,66,66,66,66.4,66.4,66.4,66.7,66.7,66.7,67.1,67.1,67.1,67.4,67.4,67.4,67.9,67.9,67.9,68.3,68.3,68.3,68.7,68.7,68.7,69,69,69,69.5,69.5,69.5,69.8,69.8,69.8,70.1,70.1,70.1,70.5,70.5,70.5,70.9,70.9,70.9,71.3,71.3,71.3,71.7,71.7,71.7,72,72,72,72.3,72.3,72.3,72.7,72.7,72.7,73,73,73,73.3,73.3,73.3,73.6,73.6,73.6,73.9,73.9,73.9,74.3,74.3,74.3,74.5,74.5,74.5,74.8,74.8,74.8,74.9,74.9,74.9,75.1,75.1,75.1,75.4,75.4,75.4,75.6,75.6,75.6,75.8,75.8,75.8,76.1,76.1,76.1,76.4,76.4,76.4,76.8,76.8,76.8,77.3,77.3,77.3,77.8,77.8,77.8,78.3,78.3,78.3,78.7,78.7,78.7,79.2,79.2,79.2,79.8,79.8,79.8,80,80,80,80.3,80.3,80.3,80.5,80.5,80.5,80.8,80.8,80.8,81.2,81.2,81.2,81.6,81.6,81.6,82.1,82.1,82.1,82.3,82.3,82.3,82.8,82.8,82.8,83.3,83.3,83.3,83.9,83.9,83.9,84.6,84.6,84.6,85.1,85.1,85.1,85.8,85.8,85.8,86.4,86.4,86.4,87.1,87.1,87.1,87.9,87.9,87.9,88.6,88.6,88.6,89.2,89.2,89.2,90,90,90,90.7,90.7,90.7,91,91,91,91.9,91.9,91.9,92.5,92.5,92.5,92.9,92.9,92.9,93.3,93.3,93.3,93.7,93.7,93.7,94.1,94.1,94.1,94.8,94.8,94.8,95,95,95,95,95,95,94.9,94.9,94.9,94.9,94.9,94.9,95.3,95.3,95.3,95.5,95.5,95.5,96,96,96,96.3,96.3,96.3,96.9,96.9,96.9,97.3,97.3,97.3,98,98,98,98.6,98.6,98.6,98.7,98.7,98.7,99.3,99.3,99.3,99.7,99.7,99.7,100.3,100.3,100.3,100.7,100.7,100.7,101.1,101.1,101.1,101.4,101.4,101.4,102,102,102,102.5,102.5,102.5,103,103,103,103.6,103.6,103.6,104,104,104,104.1,104.1,104.1,104.1,104.1,104.1,104.7,104.7,104.7,104.9,104.9,104.9,104.9,104.9,104.9,104.9,104.9,104.9,105.6,105.6,105.6,105.9,105.9,105.9,106.5,106.5,106.5,107,107,107,107.4,107.4,107.4,107.9,107.9,107.9,108.7,108.7,108.7,109.3,109.3,109.3,110.2,110.2,110.2,110.6,110.6,110.6,111.2,111.2,111.2,111.5,111.5,111.5,112.1,112.1,112.1,112.5,112.5,112.5,112.9,112.9,112.9,113.4,113.4,113.4,113,113,113,114,114,114,114.6,114.6,114.6,115.8,115.8,115.8,117.5,117.5,117.5,119.3,119.3,119.3,121.3,121.3,121.3,122.1,122.5,122.9,123.4,123.7,124.1,124.3,124.6,124.9,125.1,125.3,125.5,125.7,125.9,126.2,126.4,126.6,126.9,127.1,127.4,127.6,127.9,128.1,128.3
Percent change from prior year,GDP Implicit Price Deflator,Macroeconomic,percent change from prior year,GDPDIUS_PCT,3.6,3.6,3.6,3.7,3.7,3.7,3.8,3.8,3.8,3.9,3.9,3.9,3.8,3.8,3.8,3.4,3.4,3.4,3.3,3.3,3.3,3.1,3.1,3.1,2.5,2.5,2.5,2.4,2.4,2.4,2.1,2.1,2.1,2.2,2.2,2.2,2.4,2.4,2.4,2.4,2.4,2.4,2.4,2.4,2.4,2.3,2.3,2.3,2.2,2.2,2.2,2.1,2.1,2.1,2.1,2.1,2.1,2.1,2.1,2.1,2.2,2.2,2.2,2.2,2.2,2.2,2.1,2.1,2.1,2,2,2,1.9,1.9,1.9,1.8,1.8,1.8,1.8,1.8,1.8,1.8,1.8,1.8,1.8,1.8,1.8,1.9,1.9,1.9,1.7,1.7,1.7,1.6,1.6,1.6,1.3,1.3,1.3,1,1,1,1.1,1.1,1.1,1,1,1,1.2,1.2,1.2,1.4,1.4,1.4,1.4,1.4,1.4,1.6,1.6,1.6,2,2,2,2.2,2.2,2.2,2.4,2.4,2.4,2.5,2.5,2.5,2.5,2.5,2.5,2.5,2.5,2.5,2.2,2.2,2.2,2,2,2,1.6,1.6,1.6,1.3,1.3,1.3,1.4,1.4,1.4,1.7,1.7,1.7,2,2,2,1.9,1.9,1.9,2.1,2.1,2.1,2.1,2.1,2.1,2.2,2.2,2.2,2.7,2.7,2.7,2.8,2.8,2.8,3,3,3,3,3,3,2.9,2.9,2.9,3.3,3.3,3.3,3.3,3.3,3.3,3.2,3.2,3.2,3.4,3.4,3.4,3.1,3.1,3.1,2.7,2.7,2.7,3,3,3,2.8,2.8,2.8,2.5,2.5,2.5,2.6,2.6,2.6,2,2,2,1.7,1.7,1.7,2.1,2.1,2.1,1.8,1.8,1.8,1.4,1.4,1.4,0.8,0.8,0.8,0.1,0.1,0.1,0.3,0.3,0.3,0.5,0.5,0.5,1.2,1.2,1.2,1.5,1.5,1.5,1.7,1.7,1.7,1.9,1.9,1.9,2.2,2.2,2.2,2.3,2.3,2.3,1.9,1.9,1.9,2,2,2,1.7,1.7,1.7,1.8,1.8,1.8,2.1,2.1,2.1,1.9,1.9,1.9,1.7,1.7,1.7,1.7,1.7,1.7,1.8,1.8,1.8,1.8,1.8,1.8,2.1,2.1,2.1,2,2,2,1.5,1.5,1.5,1.1,1.1,1.1,1.1,1.1,1.1,0.9,0.9,0.9,0.8,0.8,0.8,0.8,0.8,0.8,0.9,0.9,0.9,0.9,0.9,0.9,1.5,1.5,1.5,2,2,2,1.7,1.7,1.7,1.9,1.9,1.9,2.1,2.1,2.1,2.2,2.2,2.2,2.6,2.6,2.6,2.5,2.5,2.5,2.3,2.3,2.3,2,2,2,1.8,1.8,1.8,1.7,1.7,1.7,1.6,1.6,1.6,1.7,1.7,1.7,0.7,0.7,0.7,1.3,1.3,1.3,1.5,1.5,1.5,2.1,2.1,2.1,4.1,4.1,4.1,4.6,4.6,4.6,5.8,5.8,5.8,5.4,5.7,6.1,4.9,5.3,5.5,4.3,4.5,4.7,3.1,3.3,3.5,3,2.8,2.7,2.5,2.4,2.3,2.2,2.2,2.2,2.3,2.3,2.3
Real Disposable Personal Income,Real Disposable Personal Income,Macroeconomic,billion chained 2012 dollars - saar,YD87OUS,6801,6815,6817,6861,6852,6862,6886,6843,6840,6783,6785,6824,6805,6814,6825,6852,6853,6889,6875,6891,6911,6921,6932,6996,7065,7098,7106,7127,7161,7192,7187,7213,7180,7134,7145,7399,7238,7272,7249,7287,7276,7263,7281,7292,7272,7236,7256,7504,7363,7377,7402,7402,7487,7476,7482,7491,7523,7595,7594,7629,7654,7669,7690,7634,7711,7734,7751,7757,7782,7791,7812,7823,7834,7894,7920,7872,7972,8020,7999,8020,8039,8038,8060,8088,8111,8133,8172,8178,8214,8241,8272,8315,8336,8378,8432,8480,8555,8609,8658,8686,8721,8771,8786,8814,8841,8853,8890,8907,8956,8988,8997,8969,8986,9018,9037,9076,9066,9117,9177,9249,9309,9345,9370,9418,9457,9483,9533,9592,9602,9627,9630,9648,9697,9709,9734,9705,9681,9679,9821,9982,9897,9722,9733,9750,9952,9967,9973,10007,10048,10079,10054,10057,10068,10097,10124,10149,10134,10098,10122,10181,10261,10291,10416,10488,10369,10408,10471,10479,10473,10491,10534,10570,10623,10632,10658,10694,10701,10707,10677,11073,10670,10677,10717,10752,10800,10824,10839,10857,10816,10870,10938,10976,11097,11151,11196,11190,11183,11198,11196,11190,11252,11306,11353,11407,11404,11440,11475,11490,11496,11488,11500,11506,11527,11524,11512,11552,11553,11548,11545,11501,12061,11755,11574,11507,11532,11617,11714,11655,11718,11599,11593,11660,11827,11611,11560,11539,11573,11538,11571,11630,11645,11656,11702,11800,11888,11895,11911,11950,11949,11950,11961,12030,12084,12117,12083,12061,12043,12088,12129,12121,12104,12117,12113,12227,12311,12385,12431,12487,12490,12483,12397,12364,12453,12538,12703,13012,12259,12225,12262,12299,12359,12362,12351,12380,12432,12395,12426,12453,12513,12580,12649,12699,12745,12797,12835,12896,12939,12995,13063,13151,13225,13272,13234,13263,13285,13293,13324,13355,13392,13420,13418,13482,13532,13546,13547,13522,13515,13522,13567,13579,13608,13628,13658,13685,13742,13792,13851,13870,13963,13964,14000,14016,14031,14063,14078,14112,14211,14250,14298,14330,14373,14416,14467,14510,14499,14528,14550,14719,14714,14742,14733,14678,14674,14686,14704,14778,14808,14821,14886,14844,14977,15069,14844,17171,16333,16057,16152,15554,15643,15568,15367,15394,16989,15548,19120,16147,15670,15603,15729,15712,15458,15433,15403,15367,15246,15224,15236,15323,15369,15416,15471,15515,15554,15577,15616,15659,15717,15762,15803,15837,15875,15914,15952,15991,16031,16068,16111,16157
Percent change from prior year,Real Disposable Personal Income,Macroeconomic,percent change from prior year,YD87OUS_PCT,2.2,2.1,1.6,2.8,3.2,3,3,2.1,1.8,0.4,0.4,0.9,0.1,0,0.1,-0.1,0,0.4,-0.2,0.7,1,2,2.2,2.5,3.8,4.2,4.1,4,4.5,4.4,4.5,4.7,3.9,3.1,3.1,5.8,2.4,2.5,2,2.2,1.6,1,1.3,1.1,1.3,1.4,1.6,1.4,1.7,1.4,2.1,1.6,2.9,2.9,2.8,2.7,3.5,5,4.7,1.7,3.9,4,3.9,3.1,3,3.5,3.6,3.6,3.4,2.6,2.9,2.5,2.4,2.9,3,3.1,3.4,3.7,3.2,3.4,3.3,3.2,3.2,3.4,3.5,3,3.2,3.9,3,2.7,3.4,3.7,3.7,4.2,4.6,4.9,5.5,5.8,5.9,6.2,6.2,6.4,6.2,6,6,5.7,5.4,5,4.7,4.4,3.9,3.3,3,2.8,2.9,3,2.6,3,3.2,3.8,3.9,4,4.2,5,5.2,5.2,5.5,5.7,5.9,5.6,4.9,4.3,4.2,3.9,3.9,3,2.4,2.1,3,4.1,3.1,1,1.1,1.1,2.6,2.7,2.5,3.1,3.8,4.1,2.4,0.7,1.7,3.9,4,4.1,1.8,1.3,1.5,1.7,2.1,2.1,3.6,4.3,3,3.1,3.4,3.3,3.3,3.9,4.1,3.8,3.5,3.3,2.3,2,3.2,2.9,2,5.7,1.9,1.8,1.7,1.7,1.7,1.8,1.7,1.5,1.1,1.5,2.4,-0.9,4,4.4,4.5,4.1,3.5,3.5,3.3,3.1,4,4,3.8,3.9,2.8,2.6,2.5,2.7,2.8,2.6,2.7,2.8,2.4,1.9,1.4,1.3,1.3,0.9,0.6,0.1,4.9,2.3,0.6,0,0,0.8,1.8,0.9,1.4,0.4,0.4,1.4,-1.9,-1.2,-0.1,0.3,0.4,-0.7,-1.2,-0.2,-0.6,0.5,0.9,1.2,0.5,2.4,3,3.6,3.3,3.6,3.4,3.4,3.8,4,3.3,2.2,1.3,1.6,1.8,1.4,1.3,1.4,1.3,1.6,1.9,2.2,2.9,3.5,3.7,3.3,2.2,2,2.9,3.5,4.9,6.4,-0.4,-1.3,-1.4,-1.5,-1.1,-1,-0.4,0.1,-0.2,-1.1,-2.2,-4.3,2.1,2.9,3.2,3.3,3.1,3.5,3.9,4.2,4.1,4.8,5.1,5.6,5.7,5.5,4.6,4.4,4.2,3.9,3.8,3.6,3.5,3.3,2.7,2.5,2.3,2.1,2.4,2,1.7,1.7,1.8,1.7,1.6,1.5,1.8,1.5,1.6,1.8,2.2,2.6,3.3,3.3,3.2,3.2,3.1,3.2,3.1,3.1,3.4,3.3,3.2,3.3,2.9,3.2,3.3,3.5,3.3,3.3,3.4,4.3,3.5,3.5,3,2.4,2.1,1.9,1.6,1.8,2.1,2,2.3,0.8,1.8,2.2,0.8,17,11.3,9.3,9.8,5.3,5.6,5,3.2,3.7,13.4,3.2,28.8,-6,-4.1,-2.8,-2.6,1,-1.2,-0.9,0.2,-0.2,-10.3,-2.1,-20.3,-5.1,-1.9,-1.2,-1.6,-1.3,0.6,0.9,1.4,1.9,3.1,3.5,3.7,3.4,3.3,3.2,3.1,3.1,3.1,3.2,3.2,3.2
Manufacturing Production Index,Manufacturing Production Index,Macroeconomic,"index, year 2017=100",ZOMNIUS,58.2,59,59.3,59.1,59.3,59.5,59.3,59.6,59.5,59.1,58.4,57.9,57.5,57.1,56.7,57,57.4,57.9,58.3,58.3,59,58.9,58.8,58.6,58.3,58.9,59.5,59.8,60.2,60.4,61,60.7,60.8,61.2,61.4,61.4,61.9,62.1,62,62.3,62.2,62.1,62.3,62.2,62.6,63.2,63.5,63.9,64,64.1,64.9,65.5,66,66.2,66.5,67,67.3,68,68.6,69.3,69.4,69.2,69.4,69.3,69.5,69.8,69.4,70.2,70.9,70.8,70.9,71.2,70.7,71.8,71.6,72.5,73.1,73.8,74.1,74.4,75.1,75,75.6,76.3,76.4,77.4,78.2,78.1,78.6,79.1,79.7,80.7,81.5,82.2,83,83.5,84.2,84.3,84.1,84.5,84.9,84.2,83.8,85.9,85.9,86.7,86.8,87.3,87.6,88.4,88.3,88.6,89.4,89.2,89.6,90.1,89.6,91,91.6,92.3,92.4,92.7,93.3,93.9,94,94.1,94.2,93.6,94.1,93.8,93.5,93,92.5,92,91.8,91.4,90.8,90.2,89.7,89.3,89,88.6,88.3,88.5,89.1,89.1,89.8,90.1,90.6,91.6,91.5,91.6,91.7,91.3,91.8,91.2,92,91.9,91.9,91.3,91.3,91.8,92.1,91.8,92.6,92.7,93.5,93.5,93.4,94.1,94,94.4,95,94.3,95.2,95.6,95.6,96.7,96.7,97.4,98.1,99,98.5,98.9,99.2,99.4,99,99.6,98.5,99.9,100.9,101,101.8,101.5,101.4,101.8,101.6,101.9,101.6,102.5,102.6,102.1,102.2,103.8,103.4,103.7,104.7,105.4,105.3,105.8,105.8,105.6,105.9,105.8,106.4,106.5,106.2,105.5,105,104,103.4,102.7,101.6,100.3,96.8,96.3,93.8,90.6,87.7,87.7,86.1,85.6,84.6,84.4,85.9,86.8,87.7,87.8,88.7,88.5,89.6,89.6,90.8,91.6,92.9,92.9,93.4,93.6,93.6,93.7,93.8,94.3,94.4,94.6,95.2,94.7,94.7,94.8,95.3,95.8,96.1,96.6,96.4,97,97.9,98.3,97.8,98.4,98.1,98.4,98.3,98.1,98,97.8,98.4,99.1,98.9,99.3,99.3,99,99.3,99.4,98.6,99.4,99.5,99.7,99.7,99.5,98.4,99.4,100.3,100.2,100.5,100.8,101.4,100.8,100.9,100.8,101.5,101.3,100.8,100,100.3,100.3,100.3,99.9,100.7,100.2,100,99.9,99.5,99.2,99.8,99.4,99.4,99.2,99.2,99.3,99.5,99.1,99.2,99.4,99.3,99.3,99.6,99.4,99.2,100.3,100.2,100.1,99.9,99.6,99.7,100.7,100.8,100.5,100.2,101.1,101.2,101.9,101.1,101.7,101.9,102.2,102.1,101.7,101.2,101.5,100.7,100.2,100.1,99.3,99.4,99.6,99.2,99.8,99.1,98.4,99.3,99.2,99,99,94.7,79.7,83.4,89.6,93.3,94.6,94.6,96,96.7,97.3,98.8,95,98.3,98.2,99.1,99,100.4,99.7,99.2,100.5,101.2,100.9,101.5,101.9,102.4,103.1,103.6,104,104.2,104.5,104.9,105.2,105.5,105.8,106.1,106.4,106.7,107,107.3,107.5,107.8,108,108.3,108.5,108.8,109
Percent change from prior year,Manufacturing Production Index,Macroeconomic,percent change from prior year,ZOMNIUS_PCT,-2.1,0.3,0.9,0.4,1.5,1.7,2.7,2,2.1,1.7,0.3,-0.6,-1.1,-3.2,-4.4,-3.6,-3.2,-2.6,-1.8,-2.1,-0.9,-0.4,0.7,1.3,1.4,3.1,4.9,5,4.9,4.2,4.6,4.1,3.1,3.9,4.5,4.6,6.2,5.4,4.2,4.1,3.4,2.9,2.2,2.5,3,3.3,3.4,4.1,3.3,3.2,4.8,5.2,6,6.6,6.8,7.8,7.5,7.6,8,8.5,8.6,8.1,6.9,5.7,5.4,5.5,4.3,4.7,5.3,4.1,3.4,2.7,1.8,3.6,3.1,4.7,5.1,5.7,6.9,6.1,6,5.9,6.7,7.1,8,7.9,9.2,7.7,7.6,7.2,7.5,8.4,8.5,9.6,9.7,9.5,10.2,8.9,7.5,8.2,8,6.5,5.2,6.5,5.4,5.5,4.5,4.6,4,4.9,5,4.9,5.3,5.9,6.9,4.8,4.4,5,5.6,5.7,5.5,4.9,5.6,5.9,5.1,5.5,5.1,3.9,4.9,3,2,0.7,0.2,-0.7,-1.6,-2.6,-3.4,-4.1,-4.8,-4.5,-5.4,-5.5,-5.6,-4.8,-3.7,-3.1,-2.2,-1.4,-0.2,1.5,2,2.5,3,3.1,4,3.1,3.3,3.1,2.4,1.3,0.8,0.2,0.7,0.2,1,1.5,1.8,2.5,1.5,2.4,2.3,3.4,4.1,2.8,3.3,4.2,3.3,4.3,3.4,4.2,5,5.2,4.7,4.8,4.4,5.4,4.1,4.2,3,3.4,4.3,3.6,3.8,2.5,3,3,2.4,2.6,2.6,2.9,4.2,2.1,1.3,2.8,1.5,2.2,3.2,3.5,3.7,3.8,4.1,3,3.3,3.6,4.1,2.6,2.8,1.7,0.3,-1.3,-1.8,-2.9,-4,-5,-8.6,-9,-11.8,-14.9,-17.4,-16.9,-18,-17.7,-18.2,-17.8,-15.5,-13.4,-9.4,-8.8,-5.5,-2.3,2.1,2.2,5.4,7.1,9.7,10,8.8,7.7,6.7,6.7,5.8,6.5,5.3,5.6,4.8,3.3,1.9,2.1,2.1,2.4,2.6,3.1,2.8,2.9,3.8,3.9,2.7,3.9,3.6,3.8,3.1,2.4,2,1.3,2.1,2.2,1,1.1,1.5,0.6,1.2,1,0.4,1.3,1.6,1.9,1.3,0.4,-0.4,0,0.9,1.2,1.3,1.4,2.8,1.3,1.4,1.1,1.8,1.8,2.3,0.6,0.1,0,-0.3,-1,-0.7,-0.6,-0.9,-0.9,-1.9,-2,-1,-0.6,-0.9,-1.1,-1.1,-0.5,-1.1,-1.2,-0.7,-0.5,-0.3,0,-0.2,0,-0.2,1.1,1,0.8,0.4,0.6,0.4,1.4,1.5,1.2,0.6,1.7,2.1,1.6,0.9,1.6,2,2.6,2.5,0.9,0.5,1,0.6,-0.9,-1.1,-2.5,-1.7,-2.1,-2.7,-2.3,-2.9,-3.2,-2,-2.2,-1.7,-1.1,-5.4,-19.8,-16.1,-10.1,-6,-5.1,-4.6,-2.5,-2.6,-1.9,-0.2,-4.1,3.7,23.2,18.8,10.5,7.6,5.3,4.8,4.7,4.7,3.7,2.7,7.2,4.2,5.1,4.6,5.1,3.8,4.9,5.8,4.7,4.3,4.8,4.5,4.4,4.2,3.7,3.5,3.4,3.4,3.3,3.3,3.2,3.1,3
U.S. Heating Degree Days,U.S. Heating Degree Days,Weather,degree days,ZWHDPUS,745,670,550,338,202,33,8,14,66,261,481,809,936,649,583,305,114,35,7,11,78,255,605,767,863,655,617,359,165,51,19,31,84,316,584,840,871,837,674,385,143,44,15,14,99,317,598,839,1037,820,603,308,187,24,8,22,74,285,502,738,857,754,566,390,190,36,7,10,86,246,616,882,950,748,717,371,177,31,12,14,81,288,641,769,934,677,556,416,207,37,10,19,69,285,604,812,769,631,603,344,128,47,5,8,38,255,495,726,857,647,648,333,154,35,7,16,66,280,423,765,883,640,498,346,126,32,14,14,75,252,618,995,929,720,663,311,124,32,10,7,74,271,411,704,785,672,629,296,196,27,4,10,43,310,567,819,948,806,580,360,177,45,5,6,67,266,490,792,968,766,498,312,117,41,9,22,53,260,497,802,855,674,647,315,192,31,4,8,43,243,473,863,688,724,603,275,143,26,3,12,87,311,476,692,840,840,500,374,118,28,7,9,50,183,522,798,886,729,611,326,189,30,7,15,56,284,535,826,951,694,578,334,137,44,15,15,62,332,447,871,927,808,551,272,141,31,6,9,53,238,525,901,954,742,581,314,158,39,7,9,58,256,473,724,763,629,381,292,99,32,5,9,61,262,541,699,829,734,661,348,136,26,5,12,60,258,573,830,971,800,684,325,127,28,10,13,58,221,615,707,892,869,586,301,119,24,6,11,32,228,446,582,872,630,451,311,151,21,6,6,39,198,419,785,768,549,545,249,154,25,5,15,45,193,492,800,899,627,611,412,86,26,4,7,38,255,595,734,862,722,634,289,159,34,5,10,41,255,591,718,741,654,485,360,157,26,5,7,58,248,423,752,804,794,507,309,151,12,5,6,40,180,510,616,914,696,549,311,140,32,7,11,57,250,498,783,852,686,556,313,140,32,7,11,57,249,497,783
U.S. Cooling Degree Days,U.S. Cooling Degree Days,Weather,degree days,ZWCDPUS,14,15,21,28,83,221,304,277,159,50,17,10,11,10,20,42,143,224,324,291,141,56,9,10,6,10,16,28,76,162,276,219,141,44,13,8,13,7,12,19,88,196,334,303,138,43,12,5,7,11,19,38,77,253,318,253,132,46,22,10,7,9,19,30,93,194,339,352,144,57,13,6,7,8,9,27,117,219,296,280,132,43,15,8,8,12,32,21,83,183,308,262,165,46,11,6,12,8,11,24,135,223,345,332,207,60,22,12,12,12,14,42,95,213,364,300,150,55,19,7,9,11,28,29,135,218,283,299,154,50,10,5,4,14,13,40,118,218,300,330,138,47,21,12,10,7,18,52,90,235,361,321,195,56,12,6,5,9,25,31,108,182,331,335,152,64,23,5,7,8,29,29,135,202,294,248,171,68,19,6,11,9,14,25,83,244,365,345,209,56,21,6,14,6,21,55,109,233,382,329,134,47,15,13,12,7,32,25,118,232,307,362,187,81,18,14,8,13,20,32,93,262,331,281,171,49,13,10,8,9,20,31,118,222,286,303,169,49,18,8,4,3,9,36,128,283,375,351,195,55,15,3,6,10,25,54,107,259,404,350,175,49,18,11,12,13,49,49,155,233,401,328,174,55,14,11,15,11,11,34,99,244,338,288,177,56,18,13,7,12,15,37,113,242,300,291,182,74,11,10,9,7,29,53,126,254,335,315,223,77,30,26,7,11,35,42,97,270,383,361,219,86,25,16,17,22,32,56,105,240,362,291,183,77,27,10,7,23,21,32,173,269,375,350,230,69,18,11,9,18,18,42,129,226,372,335,242,75,16,14,15,12,42,42,105,246,397,356,180,82,32,7,10,12,28,36,101,273,345,357,199,84,18,26,9,10,25,43,124,241,351,327,178,64,20,10,10,11,22,39,119,241,351,327,179,64,21,10
